{
  "AtlasMapping" : {
    "jsonType" : "io.atlasmap.v2.AtlasMapping",
    "dataSource" : [ {
      "jsonType" : "io.atlasmap.json.v2.JsonDataSource",
      "id" : "input-90b88c0d-b632-4ad6-a2ad-8349ca65144d",
      "name" : "input",
      "description" : "Source document input type: JSON",
      "uri" : "atlas:json:input-90b88c0d-b632-4ad6-a2ad-8349ca65144d",
      "dataSourceType" : "SOURCE"
    }, {
      "jsonType" : "io.atlasmap.xml.v2.XmlDataSource",
      "id" : "output-59537f97-3064-404c-bb37-5e8c49a2e5ba",
      "name" : "output",
      "description" : "Target document output type: XML",
      "uri" : "atlas:xml:output-59537f97-3064-404c-bb37-5e8c49a2e5ba",
      "dataSourceType" : "TARGET",
      "xmlNamespaces" : {
        "xmlNamespace" : [ {
          "alias" : "tns",
          "uri" : "http://syndesis.io/v1/swagger-connector-template/request"
        } ]
      }
    } ],
    "mappings" : {
      "mapping" : [ {
        "jsonType" : "io.atlasmap.v2.Mapping",
        "inputField" : [ {
          "jsonType" : "io.atlasmap.json.v2.JsonField",
          "docId" : "input-90b88c0d-b632-4ad6-a2ad-8349ca65144d",
          "path" : "/order/address/state",
          "fieldType" : "STRING",
          "name" : "state"
        } ],
        "outputField" : [ {
          "jsonType" : "io.atlasmap.xml.v2.XmlField",
          "docId" : "output-59537f97-3064-404c-bb37-5e8c49a2e5ba",
          "path" : "/tns:request/tns:body/Pet/Category/name",
          "fieldType" : "STRING",
          "name" : "name",
          "userCreated" : false,
          "attribute" : false
        } ],
        "id" : "mapping.767671"
      }, {
        "jsonType" : "io.atlasmap.v2.Mapping",
        "inputFieldGroup" : {
          "jsonType" : "io.atlasmap.v2.FieldGroup",
          "actions" : [ {
            "delimiter" : " ",
            "delimitingEmptyValues" : true,
            "@type" : "Concatenate"
          } ],
          "field" : [ {
            "jsonType" : "io.atlasmap.json.v2.JsonField",
            "docId" : "input-90b88c0d-b632-4ad6-a2ad-8349ca65144d",
            "index" : 0,
            "path" : "/order/contact/phone",
            "fieldType" : "STRING",
            "name" : "phone"
          }, {
            "jsonType" : "io.atlasmap.json.v2.JsonField",
            "docId" : "input-90b88c0d-b632-4ad6-a2ad-8349ca65144d",
            "index" : 1,
            "path" : "/order/orderId",
            "fieldType" : "STRING",
            "name" : "orderId"
          } ]
        },
        "inputField" : [ ],
        "outputField" : [ {
          "jsonType" : "io.atlasmap.xml.v2.XmlField",
          "docId" : "output-59537f97-3064-404c-bb37-5e8c49a2e5ba",
          "path" : "/tns:request/tns:body/Pet/photoUrl/photoUrl",
          "fieldType" : "STRING",
          "name" : "photoUrl",
          "userCreated" : false,
          "attribute" : false
        } ],
        "id" : "mapping.146567"
      }, {
        "jsonType" : "io.atlasmap.v2.Mapping",
        "inputField" : [ {
          "jsonType" : "io.atlasmap.json.v2.JsonField",
          "actions" : [ {
            "paulsParam" : "test",
            "@type" : "io.atlasmap.maven.test.PaulsFieldActionsModel"
          } ],
          "docId" : "input-90b88c0d-b632-4ad6-a2ad-8349ca65144d",
          "path" : "/order/orderId",
          "fieldType" : "STRING",
          "name" : "orderId"
        } ],
        "outputField" : [ {
          "jsonType" : "io.atlasmap.xml.v2.XmlField",
          "docId" : "output-59537f97-3064-404c-bb37-5e8c49a2e5ba",
          "path" : "/tns:request/tns:body/Pet/status",
          "fieldType" : "STRING",
          "name" : "status",
          "userCreated" : false,
          "attribute" : false
        } ],
        "id" : "mapping.179824"
      } ]
    },
    "lookupTables" : {
      "lookupTable" : [ ]
    },
    "constants" : {
      "constant" : [ ]
    },
    "properties" : {
      "property" : [ ]
    },
    "name" : "UI.0"
  }
}